id;titulo;fecha_estreno;descripcion;en_cines
1;mobile Fish;2021-10-14T02:09:27;Savings Account DamX;false
2;Trace;2021-10-14T12:51:39;Metal depositXXXXXXX;false
3;transmitter Implementation Electronics;2021-10-13T21:03:25;Money Market Account;true
4;Grocery Home;2021-10-14T08:16:31;enable Gorgeous Frozen Pants;false
5;Licensed Savings Account;2021-10-14T11:41:27;Planner CanyonXXXXXX;true
6;Yuan Renminbi Centers;2021-10-14T20:33:05;Usability South Dakota envisioneer;false
7;Public-key;2021-10-14T15:05:07;Bahamian Dollar Investment Account;true
8;Salad;2021-10-14T11:29:04;TunaXXXXXXXXXXXXXXXX;true
9;convergence;2021-10-14T15:52:46;Georgia IndustrialXX;true
10;Views e-enable Communications;2021-10-14T03:24:56;archive Georgia Aruba;true
